document,title,hits,human_screen
doc_bank_accounts_bank_accounts_(general)_001.json,Internal: Opening Personal Checking Accounts,,
doc_bank_accounts_bank_accounts_(general)_002.json,Internal: Opening Personal Savings Accounts,,
doc_bank_accounts_bank_accounts_(general)_003.json,Internal: Opening Business Checking Accounts,,
doc_bank_accounts_bank_accounts_(general)_004.json,Internal: Opening Business Savings Accounts,,
doc_bank_accounts_bank_accounts_(general)_005.json,Internal: Closing Personal Checking Accounts,fee,
doc_bank_accounts_bank_accounts_(general)_006.json,Internal: Closing Personal Savings Accounts,fee,
doc_bank_accounts_bank_accounts_(general)_007.json,Internal: Closing Business Checking Accounts,fee,
doc_bank_accounts_bank_accounts_(general)_008.json,Internal: Closing Business Savings Accounts,fee,
doc_bank_accounts_bank_accounts_(general)_009.json,Internal: Retrieving Customer Account Information,,
doc_bank_accounts_bank_accounts_(general)_010.json,Internal: Transferring Funds Between Bank Accounts,,
doc_bank_accounts_bank_accounts_(general)_011.json,Depositing a Check Into Your Account,business days,
doc_bank_accounts_bank_accounts_(general)_012.json,Linked Checking Account APY Boosts for Savings Accounts,fee,
doc_bank_accounts_bank_accounts_(general)_013.json,Internal: Business Checking Account Promotion - November 2025,,
doc_bank_accounts_bank_accounts_(general)_014.json,Internal: Business Checking Account Promotion - October 2025,,
doc_bank_accounts_bank_accounts_(general)_015.json,Internal: Business Savings Account Promotion - November 2025,,
doc_bank_accounts_bank_accounts_(general)_016.json,Internal: Business Savings Account Promotion - October 2025,,
doc_bank_accounts_bank_accounts_(general)_017.json,Internal: Applying Credits and Rebates to Checking Accounts,fee;refund,
doc_bank_accounts_bank_accounts_(general)_018.json,Internal: Retrieving Bank Account Transaction History,fee;refund,
doc_bank_accounts_bank_accounts_(general)_019.json,Notice Something Wrong on Your Statement? We Can Help,fee;refund,
doc_bank_accounts_bank_accounts_(general)_020.json,What to Know Before Closing Your Account,fee,
doc_bank_accounts_bank_accounts_(general)_021.json,Need Your Transaction History? Our Team Can Help,disput;fee,
doc_bank_accounts_bank_accounts_(general)_022.json,Moving Money Between Your Rho-Bank Accounts,fee,
doc_bank_accounts_bank_accounts_(general)_023.json,Internal: Ordering a Debit Card for a Bank Account,business days;fee,
doc_bank_accounts_bank_accounts_(general)_024.json,Internal: Activating a Debit Card,,
doc_bank_accounts_bank_accounts_(general)_025.json,Internal: Closing/Cancelling a Debit Card,business days;disput;refund,
doc_bank_accounts_bank_accounts_(general)_026.json,Internal: Freezing and Unfreezing a Debit Card,,
doc_bank_accounts_bank_accounts_(general)_027.json,Internal: Resetting or Changing a Debit Card PIN,,
doc_bank_accounts_bank_accounts_(general)_028.json,Internal: Retrieving Debit Card Information,,
doc_bank_accounts_bank_accounts_(general)_029.json,Internal: Debit Card Replacement Options by Account Tier,fee,
doc_bank_accounts_bank_accounts_(general)_030.json,Internal: Lost/Stolen Card - Cross-Product Security Protocol,,
doc_bank_accounts_bank_accounts_(general)_031.json,Internal: Filing a Debit Card Transaction Dispute,business days;disput;liabilit;police;provisional;reg e;regulation,
doc_bank_accounts_bank_accounts_(general)_032.json,Internal: Debit Card Provisional Credit Guidelines,business days;disput;liabilit;provisional;regulation,
doc_bank_accounts_bank_accounts_(general)_033.json,Internal: ATM Dispute Special Procedures,affidavit;business days;disput;provisional,
doc_bank_accounts_bank_accounts_(general)_034.json,Internal: Recurring Payment Disputes vs. Stop Future Payments,disput,
doc_bank_accounts_bank_accounts_(general)_035.json,Internal: Checking Debit Card Dispute Status,affidavit;disput;police;provisional,
doc_bank_accounts_bank_accounts_(general)_036.json,What To Do If You Notice an Unauthorized Debit Card Transaction,business days;disput;liabilit;police;provisional,
doc_bank_accounts_bank_accounts_(general)_037.json,Understanding Regulation E: Your Debit Card Consumer Protections,business days;disput;liabilit;provisional;regulation,
doc_bank_accounts_bank_accounts_(general)_039.json,Internal: Managing Debit Card Security Alerts and Blocks,,
doc_bank_accounts_bank_accounts_(general)_040.json,Internal: Requesting Temporary Debit Card Limit Increase,fee,
doc_bank_accounts_bank_accounts_(general)_041.json,Internal: PIN Lock Investigation Protocol - Fraud Risk Scoring,disput;fee,
doc_bank_accounts_bank_accounts_(general)_042.json,Internal: Human Agent Transfer Reason Codes,disput;fee,
doc_bank_accounts_bank_accounts_(general)_043.json,Internal: Applying Credits to Savings Accounts,fee;refund,
doc_bank_accounts_bank_accounts_(general)_044.json,Internal: Submitting Interest Discrepancy Reports,,
doc_bank_accounts_bank_accounts_(general)_045.json,Credit Card APY Bonuses: Stacking Policy,,
doc_bank_accounts_bank_accounts_(general)_046.json,Linked Checking Account APY Boost: Selection Policy,,
doc_bank_accounts_bank_accounts_(general)_047.json,Internal: Checking Account Referral Program Terms and Restrictions,,
doc_bank_accounts_bank_accounts_(general)_048.json,FAQ: Checking Account Referrals,,
doc_business_checking_accounts_beige_001.json,Implementing Beige: Enterprise Treasury Onboarding,fee;waiver,
doc_business_checking_accounts_beige_002.json,Connecting Your ERP for Beige Account: API Integration Guide,,
doc_business_checking_accounts_beige_003.json,Beige: Balance Aggregation and Sub-Account Management,,
doc_business_checking_accounts_beige_004.json,Beige: Configuring Auto-Fund Sweeps,,
doc_business_checking_accounts_beige_005.json,Security: Dual Authorization and Transaction Controls,,
doc_business_checking_accounts_beige_006.json,Beige: Your Dedicated Account Management Team,,
doc_business_checking_accounts_beige_007.json,Earning Interest on Enterprise Balances,,
doc_business_checking_accounts_beige_008.json,API Rate Limits and Technical Specifications,,
doc_business_checking_accounts_beige_009.json,Wire Transfers and Payment Processing on Beige,fee,
doc_business_checking_accounts_beige_010.json,Troubleshooting: Beige Fee and Balance Issues,fee;waiver,
doc_business_checking_accounts_beige_011.json,Beige Account: Enterprise ATM Benefits,fee,
doc_business_checking_accounts_beige_012.json,Beige Account Referral Program,,
doc_business_checking_accounts_cobalt_blue_001.json,Getting Started with Cobalt Blue Business Checking,fee;waiver,
doc_business_checking_accounts_cobalt_blue_002.json,Cobalt Blue: No Overdraft Fees — How It Works,fee,
doc_business_checking_accounts_cobalt_blue_003.json,Managing Transactions and Staying Within Limits,,
doc_business_checking_accounts_cobalt_blue_004.json,Earning Rewards with Your Cobalt Blue Debit Card,refund,
doc_business_checking_accounts_cobalt_blue_005.json,Cobalt Blue: Payments and Transfers Explained,fee,
doc_business_checking_accounts_cobalt_blue_006.json,Mobile Deposits and ATM Access on Cobalt Blue,fee,
doc_business_checking_accounts_cobalt_blue_007.json,Using Bill Pay and Invoice Tools,,
doc_business_checking_accounts_cobalt_blue_008.json,How Interest Accrues on Your Cobalt Blue Balance,,
doc_business_checking_accounts_cobalt_blue_009.json,Troubleshooting: Unexpected Charges on Cobalt Blue,disput;fee;waiver,
doc_business_checking_accounts_cobalt_blue_010.json,Cobalt Blue Account: ATM Fees and Out-of-Network Usage,fee,
doc_business_checking_accounts_hunter_green_001.json,Getting Started with Hunter Green Business Checking,fee;waiver,
doc_business_checking_accounts_hunter_green_002.json,Hunter Green: Your Carbon Offset Contribution,fee,
doc_business_checking_accounts_hunter_green_003.json,Earning Cashback from Eco-Friendly Vendors,disput;refund,
doc_business_checking_accounts_hunter_green_004.json,Reading Your Sustainability Impact Report,fee,
doc_business_checking_accounts_hunter_green_005.json,Spending Alerts and Budget Controls on Hunter Green,,
doc_business_checking_accounts_hunter_green_006.json,Hunter Green: Interest and APY Explained,,
doc_business_checking_accounts_hunter_green_007.json,Mobile Deposits and Wire Transfers on Hunter Green,fee,
doc_business_checking_accounts_hunter_green_008.json,Paperless Banking: Why Hunter Green Requires E-Statements,,
doc_business_checking_accounts_hunter_green_009.json,Troubleshooting: Hunter Green Fees and Charges,fee;waiver,
doc_business_checking_accounts_hunter_green_010.json,Hunter Green Account: ATM Fees and Out-of-Network Usage,fee,
doc_business_checking_accounts_lime_green_001.json,Lime Green Business Checking: Complete Guide,business days;fee,
doc_business_checking_accounts_lime_green_002.json,Lime Green Account: Fee Waivers and Balance Requirements,fee;waiver,
doc_business_checking_accounts_lime_green_003.json,Lime Green Account: Your Dedicated Account Manager,,
doc_business_checking_accounts_lime_green_004.json,Lime Green Account: Wire Transfer Pricing,fee,
doc_business_checking_accounts_lime_green_005.json,Lime Green Account: Interest and APY Explained,,
doc_business_checking_accounts_lime_green_006.json,Lime Green Account: Mobile Deposits and Daily Limits,,
doc_business_checking_accounts_lime_green_007.json,Lime Green Account: ATM Access and Fee Rebates,fee,
doc_business_checking_accounts_lime_green_008.json,Why am I being charged a fee on my Lime Green Account?,fee;waiver,
doc_business_checking_accounts_navy_blue_001.json,Navy Blue Business Checking: Complete Guide,fee,
doc_business_checking_accounts_navy_blue_002.json,Navy Blue Account: Overdraft Protection and Fees,disput;fee,
doc_business_checking_accounts_navy_blue_003.json,Navy Blue Account: Wire Transfer Pricing,fee,
doc_business_checking_accounts_navy_blue_004.json,Navy Blue Account: Interest Explained,,
doc_business_checking_accounts_navy_blue_005.json,Navy Blue Account: Mobile Deposits and Daily Limits,business days;fee,
doc_business_checking_accounts_navy_blue_006.json,Navy Blue Account: ACH Transfers and Processing Times,business days;fee,
doc_business_checking_accounts_navy_blue_007.json,Navy Blue Account: Paper vs E-Statements,fee,
doc_business_checking_accounts_navy_blue_008.json,Why am I being charged a fee on my Navy Blue Account?,fee,
doc_business_checking_accounts_navy_blue_009.json,Navy Blue Account: ATM Fees and Out-of-Network Usage,fee,
doc_business_checking_accounts_sky_blue_001.json,Getting Started with Sky Blue: Startup Account Setup,fee,
doc_business_checking_accounts_sky_blue_002.json,Sky Blue: Understanding Your Free Period,fee,
doc_business_checking_accounts_sky_blue_003.json,Claiming AWS Credits and Stripe Discounts,,
doc_business_checking_accounts_sky_blue_004.json,Sky Blue: Burn-Rate Analytics and Runway Projections,,
doc_business_checking_accounts_sky_blue_005.json,Founder Cards: How to Request and Manage,fee,
doc_business_checking_accounts_sky_blue_006.json,Sky Blue: Preparing Investor Reports,,
doc_business_checking_accounts_sky_blue_007.json,Mobile Banking and Deposits on Sky Blue,fee,
doc_business_checking_accounts_sky_blue_008.json,After the Free Period: What Changes and What Stays,fee,
doc_business_checking_accounts_sky_blue_009.json,Troubleshooting: Sky Blue Eligibility Issues,,
doc_business_checking_accounts_sky_blue_010.json,Sky Blue Account: ATM Fees and Out-of-Network Usage,fee,
doc_business_checking_accounts_true_blue_001.json,True Blue Business Checking: Complete Guide,fee,
doc_business_checking_accounts_true_blue_002.json,True Blue Account: Fee Waivers and Balance Requirements,fee;waiver,
doc_business_checking_accounts_true_blue_003.json,True Blue Account: Cash Management Dashboard,,
doc_business_checking_accounts_true_blue_004.json,True Blue Account: Treasury Services Integration,fee,
doc_business_checking_accounts_true_blue_005.json,True Blue Account: Payroll Processing Discounts,,
doc_business_checking_accounts_true_blue_006.json,True Blue Account: Wire Transfers and Free Wires,fee,
doc_business_checking_accounts_true_blue_007.json,True Blue Account: Same-Day ACH and Mobile Deposits,fee,
doc_business_checking_accounts_true_blue_008.json,True Blue Account: Interest and APY Explained,,
doc_business_checking_accounts_true_blue_009.json,True Blue Account: Dedicated Support and Response Times,fee,
doc_business_checking_accounts_true_blue_010.json,Why am I being charged a fee on my True Blue Account?,fee;waiver,
doc_business_checking_accounts_true_blue_011.json,True Blue Account: ATM Fees and Out-of-Network Usage,fee,
doc_business_checking_accounts_world_blue_001.json,Getting Started with World Blue International Checking,fee,
doc_business_checking_accounts_world_blue_002.json,World Blue: How to Avoid Monthly Fees,fee;waiver,
doc_business_checking_accounts_world_blue_003.json,Navigating Currency Conversions on World Blue,,
doc_business_checking_accounts_world_blue_004.json,Sending International Payments: SWIFT and SEPA Options,fee,
doc_business_checking_accounts_world_blue_005.json,World Blue: Traveling Abroad with Your Business Account,fee,
doc_business_checking_accounts_world_blue_006.json,Configuring Team Permissions on World Blue,,
doc_business_checking_accounts_world_blue_007.json,Earning Interest on Your World Blue Balance,business days,
doc_business_checking_accounts_world_blue_008.json,Troubleshooting: My World Blue fee wasn't waived,fee;refund;waiver,
doc_business_checking_accounts_world_blue_009.json,World Blue: Free International ATM Access,fee,
doc_business_credit_cards_business_bronze_rewards_card_001.json,Business Bronze Rewards Card: How to Apply and Get Started,fee,
doc_business_credit_cards_business_bronze_rewards_card_002.json,Business Bronze Rewards Card: Understanding Your 1% Cash Back Rewards,,
doc_business_credit_cards_business_bronze_rewards_card_003.json,Business Bronze Rewards Card: Exceptions and Exclusions,,
doc_business_credit_cards_business_bronze_rewards_card_004.json,Business Bronze Rewards Card: When and How Are Cash Back Rewards Paid?,disput,
doc_business_credit_cards_business_bronze_rewards_card_005.json,Business Bronze Rewards Card: Credit Limit and Spending Guidelines,fee,
doc_business_credit_cards_business_bronze_rewards_card_006.json,Business Bronze Rewards Card: No Annual Fee - What Does This Mean?,fee,
doc_business_credit_cards_business_bronze_rewards_card_007.json,Business Bronze Rewards Card: Making Payments and Managing Your Balance,fee,
doc_business_credit_cards_business_bronze_rewards_card_008.json,Business Bronze Rewards Card: Travel Benefits and Purchase Protection,disput;fee;refund,
doc_business_credit_cards_business_bronze_rewards_card_009.json,Business Bronze Rewards Card: Adding Employee Cards to Your Account,,
doc_business_credit_cards_business_bronze_rewards_card_010.json,Business Bronze Rewards Card: New Customer Promo Offer Details,,
doc_business_credit_cards_business_bronze_rewards_card_011.json,Business Bronze Rewards Card: Referral Program - Earn Rewards for Referring Businesses,,
doc_business_credit_cards_business_gold_rewards_card_001.json,Business Gold Rewards Card: Premium Business Credit Card Overview,fee,
doc_business_credit_cards_business_gold_rewards_card_002.json,Business Gold Rewards Card: Earning 2.5% Cash Back on Operations Spending,disput,
doc_business_credit_cards_business_gold_rewards_card_003.json,Business Gold Rewards Card: What Qualifies as Operations Spend?,,
doc_business_credit_cards_business_gold_rewards_card_004.json,Business Gold Rewards Card: How to Access Airport Lounges Worldwide,fee,
doc_business_credit_cards_business_gold_rewards_card_005.json,Business Gold Rewards Card: Lounge Access Network and Participating Airports,,
doc_business_credit_cards_business_gold_rewards_card_006.json,Business Gold Rewards Card: Adding Authorized Users with Lounge Access,,
doc_business_credit_cards_business_gold_rewards_card_007.json,Business Gold Rewards Card: Annual Fee and Premium Benefits Guide,fee,
doc_business_credit_cards_business_gold_rewards_card_008.json,Business Gold Rewards Card: Travel Perks and Concierge Services,fee,
doc_business_credit_cards_business_gold_rewards_card_009.json,Business Gold Rewards Card: Maximizing Your Operations Rewards,,
doc_business_credit_cards_business_gold_rewards_card_010.json,Business Gold Rewards Card: Referral Program - Earn Rewards for Referring Businesses,,
doc_business_credit_cards_business_platinum_rewards_card_001.json,Platinum Rewards Card: Elite Business Credit Card Application,,
doc_business_credit_cards_business_platinum_rewards_card_002.json,Business Platinum Rewards Card: Earning 4% Cash Back,fee,
doc_business_credit_cards_business_platinum_rewards_card_003.json,Business Platinum Rewards Card: Which Media and Advertising Expenses Qualify?,fee,
doc_business_credit_cards_business_platinum_rewards_card_004.json,Business Platinum Rewards Card: How to Use the Concierge Travel Desk,,
doc_business_credit_cards_business_platinum_rewards_card_005.json,Business Platinum Rewards Card: Travel Planning and Booking Assistance Services,,
doc_business_credit_cards_business_platinum_rewards_card_006.json,Business Platinum Rewards Card: Premium Travel Benefits and Insurance Coverage,fee,
doc_business_credit_cards_business_platinum_rewards_card_007.json,Business Platinum Rewards Card: Software and Cloud Services - Qualifying Purchases,,
doc_business_credit_cards_business_platinum_rewards_card_008.json,Business Platinum Rewards Card: Understanding Your Annual Fee and Premium Perks,fee,
doc_business_credit_cards_business_platinum_rewards_card_009.json,Business Platinum Rewards Card: Dedicated Account Support and Priority Service,,
doc_business_credit_cards_business_platinum_rewards_card_010.json,Business Platinum Rewards Card: Business Travel Itinerary Management,,
doc_business_credit_cards_business_platinum_rewards_card_011.json,Business Platinum Rewards Card: New Customer First Year Fee Waiver,fee;waiver,
doc_business_credit_cards_business_platinum_rewards_card_012.json,Business Platinum Rewards Card: Referral Program - Earn Rewards for Referring Businesses,,
doc_business_credit_cards_business_silver_rewards_card_001.json,Business Silver Rewards Card: Getting Started and Eligibility Requirements,fee,
doc_business_credit_cards_business_silver_rewards_card_002.json,Business Silver Rewards Card: How to Earn 10% Back on Travel and Software Purchases,,
doc_business_credit_cards_business_silver_rewards_card_003.json,Business Silver Rewards Card: Which Travel Purchases Qualify for 10% Cash Back?,,
doc_business_credit_cards_business_silver_rewards_card_004.json,Business Silver Rewards Card: Software and SaaS Spending - Qualifying Categories,,
doc_business_credit_cards_business_silver_rewards_card_005.json,Business Silver Rewards Card: Exceptions and Exclusions,,
doc_business_credit_cards_business_silver_rewards_card_006.json,Business Silver Rewards Card: Understanding Your Included Travel Insurance Coverage,,
doc_business_credit_cards_business_silver_rewards_card_007.json,Business Silver Rewards Card: How to File a Travel Insurance Claim,,
doc_business_credit_cards_business_silver_rewards_card_008.json,Business Silver Rewards Card: Purchase Protection Benefits Explained,,
doc_business_credit_cards_business_silver_rewards_card_009.json,Business Silver Rewards Card: Annual Fee and Fee Waiver Options,fee;waiver,
doc_business_credit_cards_business_silver_rewards_card_010.json,Business Silver Rewards Card: Maximizing Rewards on Business Travel and Tech Expenses,fee,
doc_business_credit_cards_business_silver_rewards_card_011.json,Business Silver Rewards Card: New Customer First Year Fee Waiver,fee;waiver,
doc_business_credit_cards_business_silver_rewards_card_012.json,Business Silver Rewards Card: Double Cash Back Promo,,
doc_business_credit_cards_business_silver_rewards_card_013.json,Business Silver Rewards Card: Referral Program - Earn Rewards for Referring Businesses,,
doc_business_credit_cards_green_rewards_card_001.json,Green Rewards Card: Apply for a Sustainable Business Credit Card,fee,
doc_business_credit_cards_green_rewards_card_002.json,Green Rewards Card: How the Sustainability Tracker Works,refund,
doc_business_credit_cards_green_rewards_card_003.json,Green Rewards Card: Understanding Your Carbon Footprint Report,,
doc_business_credit_cards_green_rewards_card_004.json,Green Rewards Card: Earning Rewards on Eco-Friendly Purchases,fee;refund,
doc_business_credit_cards_green_rewards_card_005.json,Green Rewards Card: Which Merchants Are Considered Sustainable?,fee,
doc_business_credit_cards_green_rewards_card_006.json,Green Rewards Card: Carbon Offset Programs and Options,,
doc_business_credit_cards_green_rewards_card_007.json,Green Rewards Card: Viewing Your Monthly Environmental Impact Dashboard,,
doc_business_credit_cards_green_rewards_card_008.json,Green Rewards Card: Carbon Reporting for Business Accounting,,
doc_business_credit_cards_green_rewards_card_009.json,Green Rewards Card: Setting Sustainability Goals for Your Business,,
doc_business_credit_cards_green_rewards_card_010.json,Green Rewards Card: Referral Program - Earn Rewards for Referring Businesses,fee,
doc_business_credit_cards_silver_zoom_card_001.json,Silver Zoom Card: Designed for Transportation and Logistics Businesses,,
doc_business_credit_cards_silver_zoom_card_002.json,Silver Zoom Card: How to Get Fuel Discounts at Participating Stations,,
doc_business_credit_cards_silver_zoom_card_003.json,Silver Zoom Card: Which Gas Stations and Fuel Networks Are Included?,,
doc_business_credit_cards_silver_zoom_card_004.json,Silver Zoom Card: Tracking and Maximizing Your Fuel Savings,,
doc_business_credit_cards_silver_zoom_card_005.json,Silver Zoom Card: Adding Fleet Drivers to Your Account,,
doc_business_credit_cards_silver_zoom_card_006.json,Silver Zoom Card: Setting Spending Limits for Driver Cards,,
doc_business_credit_cards_silver_zoom_card_007.json,Silver Zoom Card: Fuel Purchase Reporting and Analytics,,
doc_business_credit_cards_silver_zoom_card_008.json,Silver Zoom Card: Eligibility Requirements for Logistics Businesses,fee,
doc_business_credit_cards_silver_zoom_card_009.json,Silver Zoom Card: Managing Multiple Vehicle Expenses,fee,
doc_business_credit_cards_silver_zoom_card_010.json,Silver Zoom Card: New Customer Promo - 0% APR on Fuel Purchases,,
doc_business_credit_cards_silver_zoom_card_011.json,Silver Zoom Card: Referral Program - Earn Rewards for Referring Logistics Businesses,,
doc_business_credit_cards_silver_zoom_card_012.json,Silver Zoom Card: Triple Cash Back Promo - Terms and Conditions,,
doc_business_credit_cards_silver_zoom_card_013.json,Silver Zoom Card: How to Claim Your Triple Cash Back Promo,,
doc_business_credit_cards_virtual_card_management_001.json,Virtual Card Management: Creating Instant Virtual Cards for Your Team,,
doc_business_credit_cards_virtual_card_management_002.json,Virtual Card Management: How to Issue a Virtual Card in Seconds,,
doc_business_credit_cards_virtual_card_management_003.json,Virtual Card Management: Revoking and Canceling Virtual Cards,,
doc_business_credit_cards_virtual_card_management_004.json,Virtual Card Management: Setting Spending Limits Per Card,,
doc_business_credit_cards_virtual_card_management_005.json,Virtual Card Management: Team-Based Spending Controls and Limits,,
doc_business_credit_cards_virtual_card_management_006.json,Virtual Card Management: Tracking Virtual Card Purchases by Department,,
doc_business_credit_cards_virtual_card_management_007.json,Virtual Card Management: Security Benefits of Virtual Cards,,
doc_business_credit_cards_virtual_card_management_008.json,Virtual Card Management: Single-Use vs Multi-Use Virtual Cards,,
doc_business_credit_cards_virtual_card_management_009.json,Virtual Card Management: Best Practices for Subscription and Vendor Payments,,
doc_business_credit_cards_virtual_card_management_010.json,Virtual Card Management: Integrating Virtual Cards with Expense Management Tools,,
doc_business_savings_accounts_automatic_sweep_program_001.json,Automatic Sweep: How Nightly Fund Transfers Work,,
doc_business_savings_accounts_automatic_sweep_program_002.json,Automatic Sweep: Setting Up Your Sweep Program,fee,
doc_business_savings_accounts_automatic_sweep_program_003.json,Automatic Sweep: Defining Excess Fund Thresholds,,
doc_business_savings_accounts_automatic_sweep_program_004.json,Automatic Sweep: Which Accounts Can Use Automatic Sweeps?,,
doc_business_savings_accounts_automatic_sweep_program_005.json,Automatic Sweep: Timing and Processing of Nightly Transfers,,
doc_business_savings_accounts_automatic_sweep_program_006.json,Automatic Sweep: Pausing or Disabling Your Sweep Program,,
doc_business_savings_accounts_automatic_sweep_program_007.json,Automatic Sweep: Optimizing Cash Flow with Smart Sweeps,,
doc_business_savings_accounts_automatic_sweep_program_008.json,Automatic Sweep: Minimum Balance Requirements and Limits,,
doc_business_savings_accounts_bronze_saver_account_001.json,Business Bronze Saver: Complete Guide,fee,
doc_business_savings_accounts_bronze_saver_account_002.json,Bronze Saver Account specifications and requirements,,
doc_business_savings_accounts_bronze_saver_account_003.json,Why am I being charged a fee on my Bronze Saver Account?,fee,
doc_business_savings_accounts_bronze_saver_account_004.json,Bronze Saver Account: Interest payments and compounding,,
doc_business_savings_accounts_bronze_saver_account_005.json,Bronze Saver Account: Mobile banking and deposit limits,,
doc_business_savings_accounts_bronze_saver_account_006.json,Transferring funds to external banks: Bronze Saver,business days;fee,
doc_business_savings_accounts_bronze_saver_account_007.json,Bronze Saver Account: Adding authorized users to your account,,
doc_business_savings_accounts_bronze_saver_account_008.json,Bronze Saver Account: Withdrawal limits explained,fee,
doc_business_savings_accounts_diamond_vault_001.json,Diamond Vault Account: Complete Guide,fee,
doc_business_savings_accounts_diamond_vault_002.json,Diamond Vault Account: Private banking services,,
doc_business_savings_accounts_diamond_vault_003.json,Diamond Vault Account: Wire transfers and fees,business days;fee;waiver,
doc_business_savings_accounts_diamond_vault_004.json,Diamond Vault Account: Exclusive events and benefits,,
doc_business_savings_accounts_diamond_vault_005.json,Diamond Vault Account: Mobile banking and deposit limits,business days,
doc_business_savings_accounts_diamond_vault_006.json,Diamond Vault Account: Same-day transfers,,
doc_business_savings_accounts_diamond_vault_007.json,Diamond Vault Account: Adding authorized users,,
doc_business_savings_accounts_diamond_vault_008.json,Diamond Vault Account: Business Credit Card APY Bonuses,,
doc_business_savings_accounts_emerald_saver_001.json,Emerald Saver Account: Complete Guide,fee,
doc_business_savings_accounts_emerald_saver_002.json,Emerald Saver Account: How your savings help the environment,,
doc_business_savings_accounts_emerald_saver_003.json,Emerald Saver vs Green Account (savings): What is the difference?,,
doc_business_savings_accounts_emerald_saver_004.json,Emerald Saver Account: Boosting your APY with eco-partner products,,
doc_business_savings_accounts_emerald_saver_005.json,Emerald Saver Account: Mobile banking and deposit limits,,
doc_business_savings_accounts_emerald_saver_006.json,Emerald Saver Account: Transferring funds to external banks,business days;fee,
doc_business_savings_accounts_emerald_saver_007.json,Emerald Saver Account: Adding authorized users,,
doc_business_savings_accounts_emerald_saver_008.json,Emerald Saver Account: Business Credit Card APY Bonuses,,
doc_business_savings_accounts_gold_plus_saver_001.json,Gold Plus Saver Account: Complete Guide,fee,
doc_business_savings_accounts_gold_plus_saver_002.json,Gold Plus Saver Account: Investment sweep integration,,
doc_business_savings_accounts_gold_plus_saver_003.json,Gold Plus Saver Account: Priority support and quarterly reviews,,
doc_business_savings_accounts_gold_plus_saver_004.json,Gold Plus Saver Account: Withdrawal limits,,
doc_business_savings_accounts_gold_plus_saver_005.json,Gold Plus Saver Account: Mobile banking and deposit limits,,
doc_business_savings_accounts_gold_plus_saver_006.json,Gold Plus Saver Account: Transferring funds to external banks,business days;fee,
doc_business_savings_accounts_gold_plus_saver_007.json,Gold Plus Saver Account: Same-day ACH transfers,,
doc_business_savings_accounts_gold_saver_account_001.json,Gold Saver Account: Understanding Tiered Interest Rates up to 3.25%,,
doc_business_savings_accounts_gold_saver_account_002.json,Gold Saver Account: How Automated Sweeps Work with Business Checking,,
doc_business_savings_accounts_gold_saver_account_003.json,Gold Saver Account: Optimizing Your Balance for Maximum Interest,,
doc_business_savings_accounts_gold_saver_account_004.json,Gold Saver Account: Integration with Business Checking,fee,
doc_business_savings_accounts_gold_saver_account_005.json,Gold Saver Account: Mobile banking and deposit limits,,
doc_business_savings_accounts_gold_saver_account_006.json,Gold Saver Account: Same-day ACH and wire transfers,fee,
doc_business_savings_accounts_gold_saver_account_007.json,Gold Saver Account: Transferring funds to external banks,business days,
doc_business_savings_accounts_gold_saver_account_008.json,Gold Saver Account: Adding authorized users to your account,,
doc_business_savings_accounts_gold_saver_account_009.json,Gold Saver Account: Business Credit Card APY Bonuses,,
doc_business_savings_accounts_joint_business_holders_+_user_roles_001.json,Joint Business Holders: Adding Multiple Account Owners,fee,
doc_business_savings_accounts_joint_business_holders_+_user_roles_002.json,"User Roles: Understanding Admin, Finance, and Auditor Access Levels",,
doc_business_savings_accounts_joint_business_holders_+_user_roles_003.json,User Roles: Setting Up and Managing User Permissions,fee,
doc_business_savings_accounts_joint_business_holders_+_user_roles_004.json,User Roles: What Can Each Role Access and Modify?,,
doc_business_savings_accounts_joint_business_holders_+_user_roles_005.json,Joint Business Holders: Legal Requirements and Documentation,,
doc_business_savings_accounts_joint_business_holders_+_user_roles_006.json,User Roles: Removing or Changing User Access,,
doc_business_savings_accounts_joint_business_holders_+_user_roles_007.json,Joint Business Holders: Rights and Responsibilities of Each Holder,disput,
doc_business_savings_accounts_joint_business_holders_+_user_roles_008.json,User Roles: Best Practices for Access Management,,
doc_business_savings_accounts_joint_business_holders_+_user_roles_009.json,User Roles: Audit Trail and Activity Monitoring by Role,,
doc_business_savings_accounts_platinum_reserve_account_001.json,Platinum Reserve Account: Enterprise Business Savings Overview,,
doc_business_savings_accounts_platinum_reserve_account_002.json,Platinum Reserve Account: Daily Interest Compounding Explained,fee,
doc_business_savings_accounts_platinum_reserve_account_003.json,Platinum Reserve Account: Using the Liquidity Reporting Dashboard,,
doc_business_savings_accounts_platinum_reserve_account_004.json,Platinum Reserve Account: Eligibility Requirements for Enterprises,fee;waiver,
doc_business_savings_accounts_platinum_reserve_account_005.json,Platinum Reserve Account: Advanced Cash Flow Analytics and Reporting,,
doc_business_savings_accounts_platinum_reserve_account_006.json,Platinum Reserve Account: Integration with Enterprise Treasury Tools,,
doc_business_savings_accounts_platinum_reserve_account_007.json,Platinum Reserve Account: Same-day transfers and wire capabilities,business days;fee,
doc_business_savings_accounts_platinum_reserve_account_008.json,Platinum Reserve Account: Mobile banking and deposit limits,,
doc_business_savings_accounts_platinum_reserve_account_009.json,Platinum Reserve Account: Managing authorized users,,
doc_business_savings_accounts_platinum_reserve_account_010.json,Platinum Reserve Account: Business Credit Card APY Bonuses,,
doc_business_savings_accounts_silver_plus_saver_001.json,Silver Plus Saver Account: Complete Guide,,
doc_business_savings_accounts_silver_plus_saver_002.json,Silver Plus Saver vs Silver Saver Account: What is the difference?,,
doc_business_savings_accounts_silver_plus_saver_003.json,Silver Plus Saver Account: Relationship bonuses explained,fee,
doc_business_savings_accounts_silver_plus_saver_004.json,Silver Plus Saver Account: Mobile banking and deposit limits,,
doc_business_savings_accounts_silver_plus_saver_005.json,Silver Plus Saver Account: Transferring funds to external banks,business days;fee,
doc_business_savings_accounts_silver_plus_saver_006.json,Silver Plus Saver Account: Same-day ACH and interest compounding,,
doc_business_savings_accounts_silver_plus_saver_007.json,Silver Plus Saver Account: Adding authorized users,,
doc_business_savings_accounts_silver_saver_account_001.json,Silver Saver Account: Higher Interest Rates for Larger Balances,,
doc_business_savings_accounts_silver_saver_account_002.json,Silver Saver Account: Understanding the $25K Balance Threshold,fee;waiver,
doc_business_savings_accounts_silver_saver_account_003.json,Silver Saver Account: What Happens If I Exceed Withdrawal Limits?,fee,
doc_business_savings_accounts_silver_saver_account_004.json,Silver Saver Account: Maximizing Your Interest Earnings,,
doc_business_savings_accounts_silver_saver_account_005.json,Silver Saver Account: Upgrading from Bronze Saver,fee;waiver,
doc_business_savings_accounts_silver_saver_account_006.json,Silver Saver Account: Mobile banking and deposit limits,business days,
doc_business_savings_accounts_silver_saver_account_007.json,Silver Saver Account: Transferring funds to external banks,business days;fee,
doc_business_savings_accounts_silver_saver_account_008.json,Silver Saver Account: Adding authorized users,,
doc_buy_now_pay_later_bnpl_bronze_001.json,BNPL Bronze: How to Activate and Use Your Installment Plan,,
doc_buy_now_pay_later_bnpl_bronze_002.json,BNPL Bronze: Understanding Your $500 Credit Limit and Minimum Purchase Amount,,
doc_buy_now_pay_later_bnpl_bronze_003.json,BNPL Bronze: 4 Installments Over 6 Weeks Explained,,
doc_buy_now_pay_later_bnpl_bronze_004.json,BNPL Bronze: Interest-Free Payments and Upfront Charge Percentage,,
doc_buy_now_pay_later_bnpl_bronze_005.json,"BNPL Bronze: Late Fees, Maximum Late Charges, and How to Avoid Them",fee,
doc_buy_now_pay_later_bnpl_bronze_006.json,BNPL Bronze: Eligible Purchases and Allowed Shopping Channels,,
doc_buy_now_pay_later_bnpl_bronze_007.json,BNPL Bronze: Managing Multiple Active Plans on Your Account,,
doc_buy_now_pay_later_bnpl_bronze_008.json,"BNPL Bronze: Product Details, Terms, and Key Limits in USD",fee,
doc_buy_now_pay_later_bnpl_diamond_001.json,BNPL Diamond: Eligibility Segments and Minimum Spend Requirements Explained,refund,
doc_buy_now_pay_later_bnpl_diamond_002.json,BNPL Diamond: Enterprise Revenue Criteria and High-Limit Qualification,,
doc_buy_now_pay_later_bnpl_diamond_003.json,BNPL Diamond: Understanding Your Maximum BNPL Limit and Concurrent Plans,,
doc_buy_now_pay_later_bnpl_diamond_004.json,BNPL Diamond: 12-Month Standard Term and Flexible Repayment Options,,
doc_buy_now_pay_later_bnpl_diamond_005.json,"BNPL Diamond: APR, Introductory Interest-Free Period, and Late Payment Fees",fee,
doc_buy_now_pay_later_bnpl_diamond_006.json,BNPL Diamond: Integrating with Accounting Tools and Supported Platforms,,
doc_buy_now_pay_later_bnpl_diamond_007.json,"BNPL Diamond: Concierge Dispute Support, Response Times, and What to Expect",disput,
doc_buy_now_pay_later_bnpl_diamond_008.json,"BNPL Diamond: How to Apply, Get Approved, and Start Using Your Plan",,
doc_buy_now_pay_later_bnpl_gold_001.json,BNPL Gold: How to Apply and Get Started,,
doc_buy_now_pay_later_bnpl_gold_002.json,BNPL Gold: Credit Limits and Eligibility Explained,,
doc_buy_now_pay_later_bnpl_gold_003.json,BNPL Gold: Understanding Your 0% Intro APR and Standard APR,,
doc_buy_now_pay_later_bnpl_gold_004.json,BNPL Gold: Using Auto-Debit and Setting Your Payment Date,,
doc_buy_now_pay_later_bnpl_gold_005.json,BNPL Gold: Transaction Size Limits and Purchase Eligibility,fee,
doc_buy_now_pay_later_bnpl_gold_006.json,"BNPL Gold: Repayment Terms, Monthly Installments, and Plan Limits",,
doc_buy_now_pay_later_bnpl_gold_007.json,"BNPL Gold: Late Fees, Minimum Payments, and Avoiding Penalties",fee,
doc_buy_now_pay_later_bnpl_gold_008.json,BNPL Gold: Business Eligibility and Using BNPL for Your Company,,
doc_buy_now_pay_later_bnpl_management_dashboard_001.json,BNPL Management Dashboard: Viewing Your Total Active BNPL Plans and Balances,,
doc_buy_now_pay_later_bnpl_management_dashboard_002.json,BNPL Management Dashboard: Tracking Overdue Plans and Due Dates,,
doc_buy_now_pay_later_bnpl_management_dashboard_003.json,BNPL Management Dashboard: Using Date Range Filters to See Upcoming Payments,,
doc_buy_now_pay_later_bnpl_management_dashboard_004.json,BNPL Management Dashboard: Including or Excluding Closed BNPL Plans,,
doc_buy_now_pay_later_bnpl_management_dashboard_005.json,BNPL Management Dashboard: How Early-Payment Rewards Work and When They Apply,,
doc_buy_now_pay_later_bnpl_management_dashboard_006.json,"BNPL Management Dashboard: Understanding Reward Types, Rates, and Maximum Amounts",,
doc_buy_now_pay_later_bnpl_management_dashboard_007.json,BNPL Management Dashboard: Viewing Projected Early-Payment Rewards,,
doc_buy_now_pay_later_bnpl_management_dashboard_008.json,BNPL Management Dashboard: Sorting and Highlighting Plans for Better Tracking,,
doc_buy_now_pay_later_bnpl_platinum_001.json,BNPL Platinum: How to Activate 6-Month Financing on Your Account,,
doc_buy_now_pay_later_bnpl_platinum_002.json,BNPL Platinum: Understanding Your 6-Month Financing Term,,
doc_buy_now_pay_later_bnpl_platinum_003.json,BNPL Platinum: How Your Variable APR Is Calculated (Indexes and Margins Explained),,
doc_buy_now_pay_later_bnpl_platinum_004.json,BNPL Platinum: Minimum and Maximum Purchase Amounts for Financing,fee,
doc_buy_now_pay_later_bnpl_platinum_005.json,"BNPL Platinum: Purchase Protection Coverage, Limits, and Eligibility Window",,
doc_buy_now_pay_later_bnpl_platinum_006.json,"BNPL Platinum: Late Fees, Due Dates, and How to Avoid Charges",fee,
doc_buy_now_pay_later_bnpl_platinum_007.json,"BNPL Platinum: Prepayment Rules, Penalties, and Paying Off Early",fee,
doc_buy_now_pay_later_bnpl_platinum_008.json,BNPL Platinum: Determining Your APR Range Based on Credit Tier,,
doc_buy_now_pay_later_bnpl_silver_001.json,"BNPL Silver: How to Enable Buy Now, Pay Later on Your Account",,
doc_buy_now_pay_later_bnpl_silver_002.json,BNPL Silver: Eligible Purchase Amounts and Transaction Limits,fee,
doc_buy_now_pay_later_bnpl_silver_003.json,BNPL Silver: Choosing Your Installment Term and Payment Frequency,,
doc_buy_now_pay_later_bnpl_silver_004.json,"BNPL Silver: Interest, Processing Fees, and Total Cost Explained",fee,
doc_buy_now_pay_later_bnpl_silver_005.json,"BNPL Silver: Soft Credit Checks, Providers, and Inquiry Limits",,
doc_buy_now_pay_later_bnpl_silver_006.json,"BNPL Silver: Dynamic Repayment Reminders, Timing, and Channels",,
doc_buy_now_pay_later_bnpl_silver_007.json,BNPL Silver: Late Payment Fees and What Happens If You Miss a Payment,fee,
doc_buy_now_pay_later_bnpl_silver_008.json,"BNPL Silver: Getting Started, Eligibility, and Common Questions",,
doc_checking_accounts_blue_account_001.json,Blue Account at a glance,fee;waiver,
doc_checking_accounts_blue_account_002.json,Blue Account specifications and requirements,fee;waiver,
doc_checking_accounts_blue_account_003.json,Blue Account features and fees,fee,
doc_checking_accounts_blue_account_004.json,Setting up overdraft protection for your Blue Account,fee,
doc_checking_accounts_blue_account_005.json,Understanding Blue Account overdraft fees,fee,
doc_checking_accounts_blue_account_006.json,Blue Account: How overdraft transfer fees work,fee,
doc_checking_accounts_blue_account_007.json,Blue Account: Managing your balance with low-balance alerts,,
doc_checking_accounts_blue_account_008.json,Why am I being charged an overdraft fee on my Blue Account?,fee,
doc_checking_accounts_blue_account_009.json,How do I avoid overdraft fees on my Blue Account?,fee,
doc_checking_accounts_blue_account_010.json,FAQ: Blue Account,business days;fee,
doc_checking_accounts_blue_account_011.json,Transferring funds to another bank,business days,
doc_checking_accounts_blue_account_012.json,International ATM withdrawals for Blue Account,fee,
doc_checking_accounts_bluest_account_001.json,Bluest Account at a glance,fee,
doc_checking_accounts_bluest_account_002.json,Bluest Account specifications and requirements,fee,
doc_checking_accounts_bluest_account_003.json,Bluest Account exclusive benefits,fee,
doc_checking_accounts_bluest_account_004.json,Your dedicated personal banker,fee,
doc_checking_accounts_bluest_account_005.json,Wire transfers for Bluest members,fee,
doc_checking_accounts_bluest_account_006.json,What happens if my balance falls below the minimum?,fee,
doc_checking_accounts_bluest_account_007.json,ATM fee rebates for Bluest,fee,
doc_checking_accounts_bluest_account_008.json,Bluest vs. other checking accounts,,
doc_checking_accounts_bluest_account_009.json,FAQ: Bluest Account,fee,
doc_checking_accounts_bluest_account_010.json,Bluest Account: Out-of-network ATM fees,fee,
doc_checking_accounts_checking_accounts_(general)_001.json,Welcome to Rho-Bank Checking,,
doc_checking_accounts_checking_accounts_(general)_002.json,FAQ: Troubleshooting,,
doc_checking_accounts_checking_accounts_(general)_003.json,FAQ: Common Error Codes,,
doc_checking_accounts_checking_accounts_(general)_004.json,What is an authorization hold?,refund,
doc_checking_accounts_checking_accounts_(general)_005.json,Direct deposits — setup and timing,,
doc_checking_accounts_checking_accounts_(general)_006.json,Why does my account have a lower balance than I expected or have a negative balance?,business days;fee;regulation,
doc_checking_accounts_checking_accounts_(general)_007.json,I didn't receive my direct deposit,,
doc_checking_accounts_checking_accounts_(general)_008.json,Why hasn't my direct deposit arrived yet?,,
doc_checking_accounts_checking_accounts_(general)_009.json,Internal: Direct Deposit Delay Inquiries Protocol,business days,
doc_checking_accounts_dark_green_account_001.json,Dark Green Account at a glance,fee,
doc_checking_accounts_dark_green_account_002.json,Dark Green Account specifications and requirements,fee,
doc_checking_accounts_dark_green_account_003.json,Verifying your student enrollment,,
doc_checking_accounts_dark_green_account_004.json,Earning rewards for good grades,,
doc_checking_accounts_dark_green_account_005.json,Student loan payment benefits,,
doc_checking_accounts_dark_green_account_006.json,Partner discounts for students,fee,
doc_checking_accounts_dark_green_account_007.json,Graduating from your Dark Green Account,fee,
doc_checking_accounts_dark_green_account_008.json,Why was my Dark Green Account enrollment verification rejected?,,
doc_checking_accounts_dark_green_account_009.json,FAQ: Dark Green Account,fee,
doc_checking_accounts_dark_green_account_010.json,Dark Green Account Referral Program,business days,
doc_checking_accounts_evergreen_account_001.json,Evergreen Account at a glance,fee,
doc_checking_accounts_evergreen_account_002.json,Evergreen Account specifications and requirements,fee;waiver,
doc_checking_accounts_evergreen_account_003.json,How the tree-planting program works,,
doc_checking_accounts_evergreen_account_004.json,Tracking your environmental impact,refund,
doc_checking_accounts_evergreen_account_005.json,How Rho calculates carbon offsets,refund,
doc_checking_accounts_evergreen_account_006.json,Eligibility and fees,fee,
doc_checking_accounts_evergreen_account_007.json,FAQ: Evergreen Account,refund,
doc_checking_accounts_evergreen_account_008.json,Out-of-network ATM fees for Evergreen Account,fee,
doc_checking_accounts_gold_years_account_001.json,Gold Years Account at a glance,fee,
doc_checking_accounts_gold_years_account_002.json,Gold Years Account specifications and requirements,fee,
doc_checking_accounts_gold_years_account_003.json,Free checks and paper statements for seniors,fee,
doc_checking_accounts_gold_years_account_004.json,Prescription discount program,,
doc_checking_accounts_gold_years_account_005.json,Dedicated senior support services,disput,
doc_checking_accounts_gold_years_account_006.json,Social Security direct deposit setup,,
doc_checking_accounts_gold_years_account_007.json,Estate planning partner services,,
doc_checking_accounts_gold_years_account_008.json,Why can't I open a Gold Years Account?,,
doc_checking_accounts_gold_years_account_009.json,FAQ: Gold Years Account,fee,
doc_checking_accounts_gold_years_account_010.json,Gold Years Account Referral Program,,
doc_checking_accounts_green_account_(checking)_001.json,Green Account (checking) at a glance,fee,
doc_checking_accounts_green_account_(checking)_002.json,Green Account (checking) specifications and requirements,business days;fee,
doc_checking_accounts_green_account_(checking)_003.json,No-overdraft checking explained,fee,
doc_checking_accounts_green_account_(checking)_004.json,How Green Account (checking) prevents overdrafts,fee,
doc_checking_accounts_green_account_(checking)_005.json,Managing your spending limit in a Green Account (checking),,
doc_checking_accounts_green_account_(checking)_006.json,Green Account (checking): What happens if a payment exceeds your balance?,,
doc_checking_accounts_green_account_(checking)_007.json,Green Account (checking): Troubleshooting: declined transactions,,
doc_checking_accounts_green_account_(checking)_008.json,Why was my Green Account (checking) transaction declined?,,
doc_checking_accounts_green_account_(checking)_009.json,Why can't I overdraft my Green Account (checking)?,fee,
doc_checking_accounts_green_account_(checking)_010.json,FAQ: Green Account (checking),business days;fee,
doc_checking_accounts_green_account_(checking)_011.json,Transferring funds to another bank,business days,
doc_checking_accounts_green_account_(checking)_012.json,Foreign ATM fees for Green Account (checking),fee,
doc_checking_accounts_green_fee-free_account_001.json,Green Fee-Free Account: Complete Guide and Table of Contents,fee,
doc_checking_accounts_green_fee-free_account_002.json,Green Fee-Free Account — summary,fee;waiver,
doc_checking_accounts_green_fee-free_account_003.json,Green Fee-Free Account at a glance,fee,
doc_checking_accounts_green_fee-free_account_004.json,Green Fee-Free Account specifications and requirements,fee;waiver,
doc_checking_accounts_green_fee-free_account_005.json,Green Fee-Free Account features,fee;waiver,
doc_checking_accounts_green_fee-free_account_006.json,FAQ: Green Fee-Free Account,fee,
doc_checking_accounts_green_fee-free_account_007.json,Green Fee-Free Account Referral Program,fee,
doc_checking_accounts_light_blue_account_001.json,Light Blue Account — summary,fee,
doc_checking_accounts_light_blue_account_002.json,Light Blue Account at a glance,,
doc_checking_accounts_light_blue_account_003.json,Light Blue Account specifications and requirements,,
doc_checking_accounts_light_blue_account_004.json,Light Blue Account features and fees,fee,
doc_checking_accounts_light_blue_account_005.json,FAQ: Light Blue Account,fee,
doc_checking_accounts_light_blue_account_006.json,Foreign ATM withdrawal fees for Light Blue Account,fee,
doc_checking_accounts_light_blue_account_007.json,Light Blue Account Referral Program,,
doc_checking_accounts_light_green_account_001.json,Light Green Account at a glance,fee,
doc_checking_accounts_light_green_account_002.json,Light Green Account specifications and requirements,fee,
doc_checking_accounts_light_green_account_003.json,Who can open a Light Green Account?,,
doc_checking_accounts_light_green_account_004.json,Parent or guardian requirements,fee,
doc_checking_accounts_light_green_account_005.json,Spending limits and safety features for minors,,
doc_checking_accounts_light_green_account_006.json,Teaching teens about saving and budgeting,,
doc_checking_accounts_light_green_account_007.json,Adding funds to your teen's account,fee,
doc_checking_accounts_light_green_account_008.json,What happens when the primary account holder turns 25,,
doc_checking_accounts_light_green_account_009.json,Monitoring transactions in a Light Green Account,,
doc_checking_accounts_light_green_account_010.json,How to transition a Light Green Account to Blue or Green Account (checking),fee,
doc_checking_accounts_light_green_account_011.json,How do I remove spending limits on my teen's account?,,
doc_checking_accounts_light_green_account_012.json,FAQ: Teen Checking Accounts,fee,
doc_checking_accounts_light_green_account_013.json,Understanding foreign ATM fees for teens,fee,
doc_checking_accounts_purple_account_001.json,Purple Account at a glance,fee,
doc_checking_accounts_purple_account_002.json,Purple Account specifications and requirements,fee,
doc_checking_accounts_purple_account_003.json,No foreign transaction fees explained,fee,
doc_checking_accounts_purple_account_004.json,Using ATMs worldwide,fee;refund,
doc_checking_accounts_purple_account_005.json,Multi-currency wallet features,,
doc_checking_accounts_purple_account_006.json,Travel insurance benefits,police;refund,
doc_checking_accounts_purple_account_007.json,Emergency card replacement while traveling,fee,
doc_checking_accounts_purple_account_008.json,Airport lounge access,,
doc_checking_accounts_purple_account_009.json,Currency conversion rates and timing,,
doc_checking_accounts_purple_account_010.json,Why was my ATM fee not rebated?,fee,
doc_checking_accounts_purple_account_011.json,FAQ: Purple Account,fee,
doc_checking_accounts_purple_account_012.json,Out-of-network ATM fees for Purple Account,fee,
doc_credit_cards_bronze_rewards_card_001.json,Bronze Rewards Card: How to Apply and Get Started,fee,
doc_credit_cards_bronze_rewards_card_002.json,Bronze Rewards Card: Understanding Your 1% Cash Back Rewards,disput;fee;refund,
doc_credit_cards_bronze_rewards_card_003.json,Bronze Rewards Card: When and How Are Cash Back Rewards Paid?,business days,
doc_credit_cards_bronze_rewards_card_004.json,Bronze Rewards Card: Monthly Reporting Tools and Transaction Tracking,disput;refund,
doc_credit_cards_bronze_rewards_card_005.json,Bronze Rewards Card: Making Payments and Managing Your Balance,fee,
doc_credit_cards_bronze_rewards_card_006.json,Bronze Rewards Card: Credit Limit and Spending Guidelines,fee,
doc_credit_cards_bronze_rewards_card_007.json,Bronze Rewards Card: Redeeming Your Rewards and Cash Back Options,,
doc_credit_cards_bronze_rewards_card_008.json,Bronze Rewards Card: New Customer Promo - 0% APR for the First Year,,
doc_credit_cards_credit_card_account_logistics_001.json,How can I close a credit card account?,disput;fee;refund,
doc_credit_cards_credit_card_account_logistics_002.json,Internal: Processing Credit Card Account Closures,business days;disput;fee;refund,
doc_credit_cards_credit_card_account_logistics_003.json,Internal: Credit Card Retention Protocol,disput;fee;refund;waiver,
doc_credit_cards_credit_card_account_logistics_004.json,How can I request a CLI?,business days,
doc_credit_cards_credit_card_account_logistics_005.json,CLI Eligibility Requirements by Card Tier,,
doc_credit_cards_credit_card_account_logistics_006.json,Internal: CLI Payment History and Approval Criteria,,
doc_credit_cards_credit_card_account_logistics_007.json,Internal: Processing CLI Approvals and Denials,disput,
doc_credit_cards_credit_card_account_logistics_008.json,Internal: Downgrading a Credit Card to a No-Annual-Fee Card,business days;fee;refund;waiver,
doc_credit_cards_credit_card_account_logistics_009.json,Paying Off Credit Card Balance from Checking Account (Internal),,
doc_credit_cards_credit_card_replacements_001.json,How to Order a Replacement Credit Card (Internal),business days;disput;fee,
doc_credit_cards_credit_card_replacements_002.json,Credit Card Replacement Shipping Options and Fees,business days;fee,
doc_credit_cards_credit_card_replacements_003.json,What Happens When You Order a Replacement Card,,
doc_credit_cards_credit_card_replacements_004.json,Why was your credit card replacement request rejected,,
doc_credit_cards_credit_card_replacements_005.json,Checking Pending Replacement Card Orders (Internal),,
doc_credit_cards_credit_cards_(general)_001.json,Internal: Understanding Credit Card Referral Statuses.,,
doc_credit_cards_credit_cards_(general)_002.json,Credit Card Referral Offers and Restrictions,,
doc_credit_cards_credit_cards_(general)_003.json,Submitting a Cash Back Dispute (Internal),disput,
doc_credit_cards_credit_cards_(general)_004.json,Applying Resolved Cash Back Dispute Corrections (Internal),disput,
doc_credit_cards_credit_cards_(general)_005.json,Credit Card Rewards Categories,,
doc_credit_cards_credit_cards_(general)_006.json,Internal: Credit Card Rewards - Points vs Cash Back Representation,,
doc_credit_cards_credit_cards_(general)_007.json,Credit Card Rewards Points Rounding Policy,,
doc_credit_cards_credit_cards_(general)_008.json,Credit Card Rewards Redemption Options,fee,
doc_credit_cards_credit_cards_(general)_009.json,Generating a Credit Card Referral Link (Internal),,
doc_credit_cards_credit_cards_(general)_010.json,Internal: Credit Card Purchase Decline Diagnostic Procedure,,
doc_credit_cards_credit_cards_(general)_011.json,Internal: Backend Incident 11/13,,
doc_credit_cards_credit_cards_(general)_012.json,Internal: Backend Incident 11/14 - Erroneous Credit Bureau Reporting,,
doc_credit_cards_credit_cards_(general)_013.json,How to Find Your Rho-Bank Credit Card Numbers Online,,
doc_credit_cards_credit_cards_(general)_014.json,Filing a Credit Card Transaction Dispute (Internal),disput;provisional;refund,
doc_credit_cards_credit_cards_(general)_015.json,Provisional Credit Eligibility Guidelines (Internal),disput;provisional;refund,
doc_credit_cards_credit_cards_(general)_016.json,Checking User Dispute History (Internal),disput,
doc_credit_cards_credit_cards_(general)_017.json,(Internal) Applying a Credit Card Statement Credit,disput;fee,
doc_credit_cards_credit_cards_(general)_018.json,How to Dispute a Credit Card Transaction,disput;refund,
doc_credit_cards_credit_cards_(general)_019.json,Understanding Your Credit Card Rewards Categories,,
doc_credit_cards_credit_cards_(general)_020.json,Refer a Friend to Rho-Bank and Earn Rewards,,
doc_credit_cards_credit_cards_(general)_021.json,Think You're Missing Cash Back? Here's How to Get Help,,
doc_credit_cards_credit_cards_(general)_022.json,What is Provisional Credit?,business days;disput;provisional,
doc_credit_cards_credit_cards_(general)_023.json,Having Trouble Making Purchases with Your Card?,,
doc_credit_cards_credit_cards_(general)_024.json,Getting the Most from Your Credit Card Rewards,fee,
doc_credit_cards_credit_cards_(general)_025.json,Request a Statement Credit or Fee Adjustment,fee,
doc_credit_cards_crypto-cash_back_001.json,Crypto-Cash Back: Getting Started with Crypto Rewards,,
doc_credit_cards_crypto-cash_back_002.json,Crypto-Cash Back: How to Redeem Rewards in Your Crypto Wallet,fee,
doc_credit_cards_crypto-cash_back_003.json,Crypto-Cash Back: Supported Cryptocurrencies and Wallets,,
doc_credit_cards_crypto-cash_back_004.json,Crypto-Cash Back: Linking Your Crypto Wallet to Your Account,,
doc_credit_cards_crypto-cash_back_005.json,Crypto-Cash Back: Understanding Crypto Reward Conversion Rates,fee,
doc_credit_cards_crypto-cash_back_006.json,Crypto-Cash Back: Security and Safety of Crypto Redemptions,,
doc_credit_cards_crypto-cash_back_007.json,Crypto-Cash Back: Tax Reporting for Cryptocurrency Rewards,,
doc_credit_cards_crypto-cash_back_008.json,Crypto-Cash Back: Frequently Asked Questions About Crypto Rewards,fee,
doc_credit_cards_crypto-cash_back_009.json,Crypto-Cash Back: FAQ-2,fee,
doc_credit_cards_diamond_elite_card_001.json,Diamond Elite Card: Invitation-Only Membership - How to Qualify,,
doc_credit_cards_diamond_elite_card_002.json,Diamond Elite Card: Getting Started with Your Elite Account,fee,
doc_credit_cards_diamond_elite_card_003.json,Diamond Elite Card: Earning 5% Cash Back on All Purchases,,
doc_credit_cards_diamond_elite_card_004.json,Diamond Elite Card: Maximizing Your 5% Rewards on Every Transaction,fee,
doc_credit_cards_diamond_elite_card_005.json,Diamond Elite Card: Premium Credit Limits and Account Management,fee,
doc_credit_cards_diamond_elite_card_006.json,Diamond Elite Card: Understanding Your Annual Fee and Elite Benefits,fee;waiver,
doc_credit_cards_diamond_elite_card_007.json,Diamond Elite Card: Exclusive Benefits and 24/7 Concierge Services,fee;police,
doc_credit_cards_diamond_elite_card_008.json,Diamond Elite Card: No Foreign Transaction Fees - Global Purchasing Power,disput;fee,
doc_credit_cards_diamond_elite_card_009.json,Diamond Elite Card: Invitation Promo Offer - Spend and Earn Rewards,fee;waiver,
doc_credit_cards_ecocard_001.json,EcoCard: Apply for a Sustainable Rewards Credit Card,fee,
doc_credit_cards_ecocard_002.json,EcoCard: How to Earn Sustainability Points on Green Purchases,disput;refund,
doc_credit_cards_ecocard_003.json,EcoCard: Which Merchants and Purchases Qualify as Green?,,
doc_credit_cards_ecocard_004.json,EcoCard: Exceptions and Exclusions,,
doc_credit_cards_ecocard_005.json,EcoCard: Redeeming Sustainability Points for Rewards,,
doc_credit_cards_ecocard_006.json,EcoCard: Tracking Your Environmental Impact,,
doc_credit_cards_ecocard_007.json,EcoCard: Partner Merchants and Eco-Friendly Shopping Guide,fee,
doc_credit_cards_ecocard_008.json,EcoCard: Making Payments and Managing Your Account,fee,
doc_credit_cards_ecocard_009.json,EcoCard: New Customer Promo - Earn Bonus Sustainability Points,disput;fee,
doc_credit_cards_ecocard_010.json,EcoCard: New Customer Promo - 0% APR for the First Year,,
doc_credit_cards_ecocard_011.json,EcoCard: Referral Program - Earn Rewards for Referring Friends,,
doc_credit_cards_gold_rewards_card_001.json,Gold Rewards Card: Apply for a Premium Credit Card,fee,
doc_credit_cards_gold_rewards_card_002.json,Gold Rewards Card: Concierge Support Services - What's Included,,
doc_credit_cards_gold_rewards_card_003.json,Gold Rewards Card: How to Contact Your Dedicated Concierge,,
doc_credit_cards_gold_rewards_card_004.json,Gold Rewards Card: No Foreign Transaction Fees - International Purchases Made Easy,disput;fee,
doc_credit_cards_gold_rewards_card_005.json,Gold Rewards Card: Managing Your Account and Payment Options,fee,
doc_credit_cards_platinum_rewards_card_001.json,Platinum Rewards Card: Getting Started with Your Platinum Account,fee,
doc_credit_cards_platinum_rewards_card_002.json,Platinum Rewards Card: Earning 10% Cash Back,fee,
doc_credit_cards_platinum_rewards_card_003.json,Platinum Rewards Card: Enhanced Fraud Protection Features Explained,,
doc_credit_cards_platinum_rewards_card_004.json,Platinum Rewards Card: What to Do If You Suspect Fraudulent Activity,disput,
doc_credit_cards_platinum_rewards_card_005.json,Platinum Rewards Card: Free Virtual Cards - How to Create and Manage,,
doc_credit_cards_platinum_rewards_card_006.json,Platinum Rewards Card: Using Virtual Cards for Online Shopping and Subscriptions,fee,
doc_credit_cards_platinum_rewards_card_007.json,Platinum Rewards Card: Maximizing Your Premium Benefits and Rewards,fee,
doc_credit_cards_platinum_rewards_card_008.json,Platinum Rewards Card: Referral Program - Earn Rewards for Referring Friends,,
doc_credit_cards_platinum_rewards_card_009.json,Platinum Rewards Card: New Customer Promo - First Year Annual Fee Waived,fee;waiver,
doc_credit_cards_platinum_rewards_card_010.json,Platinum Rewards Card: Rebate Eligibility and Calcluation,disput;fee;refund;waiver,
doc_credit_cards_silver_rewards_card_001.json,Silver Rewards Card: Getting Started and Eligibility Requirements,fee,
doc_credit_cards_silver_rewards_card_002.json,Silver Rewards Card: How to Earn 4% Cash Back on Travel and Software Purchases,fee;refund,
doc_credit_cards_silver_rewards_card_003.json,Silver Rewards Card: Which Travel Purchases Qualify for 4% Cash Back?,,
doc_credit_cards_silver_rewards_card_004.json,Silver Rewards Card: Software and SaaS Spending - Qualifying Categories,,
doc_credit_cards_silver_rewards_card_005.json,Silver Rewards Card: Understanding Your Included Travel Insurance Coverage,refund,
doc_credit_cards_silver_rewards_card_006.json,Silver Rewards Card: How to File a Travel Insurance Claim,,
doc_credit_cards_silver_rewards_card_007.json,Silver Rewards Card: Making Payments and Managing Your Account,fee,
doc_credit_cards_silver_rewards_card_008.json,Silver Rewards Card: Maximizing Rewards on Business Travel and Tech Expenses,fee,
doc_credit_cards_silver_rewards_card_009.json,Silver Rewards Card: New Customer Promo - 0% APR for the First Year,,
doc_credit_cards_silver_rewards_card_010.json,Silver Rewards Card: New Customer Promo - $500 Statement Credit Signup Bonus,,
doc_credit_cards_silver_rewards_card_011.json,Silver Rewards Card: Referral Program - Earn Rewards for Referring Friends,,
doc_credit_cards_virtual_card_management_001.json,Virtual Card Management: Getting Started with Virtual Cards,fee,
doc_credit_cards_virtual_card_management_002.json,Virtual Card Management: How to Instantly Issue a Virtual Card,,
doc_credit_cards_virtual_card_management_003.json,Virtual Card Management: Revoking and Canceling Virtual Cards,,
doc_credit_cards_virtual_card_management_004.json,Virtual Card Management: Setting Up Team Spending Caps and Limits,,
doc_credit_cards_virtual_card_management_005.json,Virtual Card Management: Creating One-Time Use Cards for Security,,
doc_credit_cards_virtual_card_management_006.json,Virtual Card Management: Managing Multiple Virtual Cards for Your Team,,
doc_credit_cards_virtual_card_management_007.json,Virtual Card Management: Best Practices for Virtual Card Security,,
doc_credit_cards_virtual_card_management_008.json,Virtual Card Management: Tracking Virtual Card Transactions and Spending,,
doc_customer_support_special_support_codes_001.json,Account Recovery Bypass Code (Internal),,
doc_everyone_pay_everyone_pay_001.json,Everyone Pay: Getting Started Guide,,
doc_everyone_pay_everyone_pay_002.json,What is Everyone Pay?,fee,
doc_everyone_pay_everyone_pay_003.json,How to send and receive money,fee,
doc_everyone_pay_everyone_pay_004.json,Adding and verifying contacts,,
doc_everyone_pay_everyone_pay_005.json,Sending limits — per day and month,,
doc_everyone_pay_everyone_pay_006.json,Payment processing times,fee,
doc_everyone_pay_everyone_pay_007.json,Canceling a payment,disput,
doc_everyone_pay_everyone_pay_008.json,Disputing a payment,disput,
doc_everyone_pay_everyone_pay_009.json,Blocking and unblocking users,,
doc_everyone_pay_everyone_pay_010.json,Common security questions for Everyone Pay,,
doc_everyone_pay_everyone_pay_011.json,Why can't I send money to this contact?,,
doc_everyone_pay_everyone_pay_012.json,Why was my Everyone Pay transaction declined?,,
doc_everyone_pay_everyone_pay_013.json,Why is my payment still pending?,,
doc_everyone_pay_everyone_pay_014.json,Why can't I cancel my payment?,disput,
doc_everyone_pay_everyone_pay_015.json,FAQ: Everyone Pay,fee,
doc_everyone_pay_qr_transfers_001.json,QR Transfers: Complete Guide,,
doc_everyone_pay_qr_transfers_002.json,How QR transfers work,,
doc_everyone_pay_qr_transfers_003.json,Scanning and sending payments,,
doc_everyone_pay_qr_transfers_004.json,Troubleshooting: QR not scanning,,
doc_everyone_pay_qr_transfers_005.json,Why isn't my QR code scanning?,,
doc_everyone_pay_qr_transfers_006.json,Why did my QR transfer fail?,,
doc_everyone_pay_qr_transfers_007.json,Security tips for QR transfers,,
doc_everyone_pay_scheduled_payments_001.json,Scheduled Payments: Complete Guide,,
doc_everyone_pay_scheduled_payments_002.json,Setting up recurring payments,,
doc_everyone_pay_scheduled_payments_003.json,Editing or canceling a scheduled payment,,
doc_everyone_pay_scheduled_payments_004.json,Using Everyone Pay for rent or allowance,,
doc_everyone_pay_scheduled_payments_005.json,Troubleshooting: payment didn't go through,,
doc_everyone_pay_scheduled_payments_006.json,Why didn't my scheduled payment go through?,,
doc_everyone_pay_scheduled_payments_007.json,Why can't I edit my scheduled payment?,,
doc_everyone_pay_scheduled_payments_008.json,How do I stop a recurring payment?,,
doc_everyone_pay_sending_limits_001.json,Sending Limits: Complete Guide,,
doc_everyone_pay_sending_limits_002.json,Sending limits — per day and month,,
doc_everyone_pay_sending_limits_003.json,What is Everyone Pay?,,
doc_everyone_pay_sending_limits_004.json,Why did I reach my sending limit?,,
doc_everyone_pay_sending_limits_005.json,How do I increase my Everyone Pay sending limit?,,
doc_everyone_pay_sending_limits_006.json,Why can't I send more than $500 per day?,,
doc_everyone_pay_sending_limits_007.json,What's the difference between daily and monthly limits?,,
doc_everyone_pay_split-the-bill_001.json,Split-the-Bill: Complete Guide,,
doc_everyone_pay_split-the-bill_002.json,Setting up a group payment,,
doc_everyone_pay_split-the-bill_003.json,Managing group balances,,
doc_everyone_pay_split-the-bill_004.json,Splitting restaurant or rent bills,,
doc_everyone_pay_split-the-bill_005.json,Troubleshooting: uncollected payments,,
doc_everyone_pay_split-the-bill_006.json,Why hasn't my group member paid yet?,,
doc_everyone_pay_split-the-bill_007.json,Why can't I create a split payment?,,
doc_everyone_pay_split-the-bill_008.json,How do I remove someone from a split payment?,refund,
doc_everyone_pay_user_blocking_001.json,User Blocking: Complete Guide,,
doc_everyone_pay_user_blocking_002.json,Blocking and unblocking users,,
doc_everyone_pay_user_blocking_003.json,Common security questions for Everyone Pay,,
doc_everyone_pay_user_blocking_004.json,Why can't I block this user?,,
doc_everyone_pay_user_blocking_005.json,How do I unblock someone I previously blocked?,,
doc_everyone_pay_user_blocking_006.json,Can blocked users still send me payment requests?,,
doc_personal_subscriptions_rho_bank_plus_001.json,Rho Bank Plus: Premium Membership Overview and Benefits,fee,
doc_personal_subscriptions_rho_bank_plus_002.json,Rho Bank Plus: Margin Lending Guide and Interest Rates,,
doc_savings_accounts_bronze_account_001.json,Bronze Savings Account: Complete Guide,fee,
doc_savings_accounts_bronze_account_002.json,Bronze Account — summary,fee,
doc_savings_accounts_bronze_account_003.json,Bronze Account specifications and requirements,,
doc_savings_accounts_bronze_account_004.json,How to avoid monthly fees,fee,
doc_savings_accounts_bronze_account_005.json,Why am I being charged a fee on my Bronze Account?,fee,
doc_savings_accounts_bronze_account_006.json,Bronze Account: Why did my interest rate change?,,
doc_savings_accounts_bronze_account_007.json,Bronze Account: Getting interest payments,,
doc_savings_accounts_bronze_account_008.json,Bronze Account: Mobile banking and deposit limits,,
doc_savings_accounts_bronze_account_009.json,Transferring funds to external banks: Bronze Accounts,business days,
doc_savings_accounts_diamond_elite_account_001.json,Diamond Elite Savings Account: Complete Guide,business days;fee,
doc_savings_accounts_diamond_elite_account_002.json,Diamond Elite Account — summary,fee,
doc_savings_accounts_diamond_elite_account_003.json,Diamond Elite Account specifications and requirements,fee,
doc_savings_accounts_diamond_elite_account_004.json,How to receive a Diamond Elite invitation,,
doc_savings_accounts_diamond_elite_account_005.json,Private banking services for Diamond Elite members,,
doc_savings_accounts_diamond_elite_account_006.json,Diamond Elite: Investment advisory and wealth management,,
doc_savings_accounts_diamond_elite_account_007.json,Diamond Elite: Exclusive events and experiences,,
doc_savings_accounts_diamond_elite_account_008.json,Why was my Diamond Elite application declined?,,
doc_savings_accounts_diamond_elite_account_009.json,FAQ: Diamond Elite Account,fee,
doc_savings_accounts_diamond_elite_account_010.json,Diamond Elite Account: How is interest calculated and when is it paid?,,
doc_savings_accounts_diamond_elite_account_011.json,Diamond Elite Account: Credit Card APY Bonuses,,
doc_savings_accounts_gold_account_001.json,Gold Savings Account: Complete Guide,fee,
doc_savings_accounts_gold_account_002.json,Gold Account at a glance,,
doc_savings_accounts_gold_account_003.json,Gold Account specifications and requirements,fee,
doc_savings_accounts_gold_account_004.json,Gold Account: High-yield savings explained,,
doc_savings_accounts_gold_account_005.json,Gold Account: No-transfer-fee advantage,fee,
doc_savings_accounts_gold_account_006.json,Gold Account: Transferring funds between accounts instantly,fee,
doc_savings_accounts_gold_account_007.json,Troubleshooting: transfer delays,fee,
doc_savings_accounts_gold_account_008.json,Why was I charged a transfer fee on my Gold Account?,fee,
doc_savings_accounts_gold_account_009.json,Why don't I qualify for the highest interest rate?,,
doc_savings_accounts_gold_account_010.json,Gold Account: How is interest calculated and when is it paid?,,
doc_savings_accounts_gold_account_011.json,Gold Account: Mobile banking and deposit limits,,
doc_savings_accounts_gold_account_012.json,Gold Account: Transferring funds to external banks,fee,
doc_savings_accounts_gold_account_013.json,Gold Account: Gold Rewards Card holder benefits,fee,
doc_savings_accounts_gold_account_014.json,Gold Account: Credit Card APY Bonuses,,
doc_savings_accounts_gold_plus_account_001.json,Gold Plus Account specifications and requirements,,
doc_savings_accounts_gold_plus_account_002.json,Gold Plus: Differences from Gold Account,,
doc_savings_accounts_gold_plus_account_003.json,Gold Plus: Investment sweep feature explained,,
doc_savings_accounts_gold_plus_account_004.json,Gold Plus: Exclusive perks and features,,
doc_savings_accounts_gold_plus_account_005.json,FAQ: Gold Plus Account,fee,
doc_savings_accounts_gold_plus_account_006.json,Gold Plus Account: How is interest calculated and when is it paid?,,
doc_savings_accounts_gold_plus_account_007.json,Gold Plus Account: Mobile banking and deposit limits,,
doc_savings_accounts_gold_plus_account_008.json,Gold Plus Account: Transferring funds to external banks,fee,
doc_savings_accounts_gold_plus_account_009.json,Gold Plus Account: Credit Card APY Bonuses,,
doc_savings_accounts_green_account_(savings)_001.json,Green Account (savings) specifications and requirements,,
doc_savings_accounts_green_account_(savings)_002.json,Green Account (savings): How your savings help the environment,,
doc_savings_accounts_green_account_(savings)_003.json,Green Account (savings): Pairing with EcoCard for bonus APY,,
doc_savings_accounts_green_account_(savings)_004.json,Green Account (savings): Why is paperless required?,,
doc_savings_accounts_green_account_(savings)_005.json,FAQ: Green Account (savings),fee,
doc_savings_accounts_green_account_(savings)_006.json,Green Account (savings): How is interest calculated and when is it paid?,,
doc_savings_accounts_green_account_(savings)_007.json,Green Account (savings): Mobile banking and deposit limits,,
doc_savings_accounts_green_account_(savings)_008.json,Green Account (savings): Transferring funds to external banks,business days,
doc_savings_accounts_green_account_(savings)_009.json,Green Account (savings): EcoCard holder exclusive benefits,fee,
doc_savings_accounts_platinum_account_001.json,Platinum Savings Account: Complete Guide,fee,
doc_savings_accounts_platinum_account_002.json,Platinum Account at a glance,,
doc_savings_accounts_platinum_account_003.json,Platinum Account specifications and requirements,fee,
doc_savings_accounts_platinum_account_004.json,Concierge banking services explained,,
doc_savings_accounts_platinum_account_005.json,Extended FDIC insurance for high-balance accounts,,
doc_savings_accounts_platinum_account_006.json,Why don't I qualify for Platinum Account benefits?,,
doc_savings_accounts_platinum_account_007.json,Platinum Account: How is interest calculated and when is it paid?,,
doc_savings_accounts_platinum_account_008.json,Platinum Account: Mobile banking and deposit limits,,
doc_savings_accounts_platinum_account_009.json,Platinum Account: Same-day external transfers,business days;fee,
doc_savings_accounts_platinum_account_010.json,Platinum Account: Credit Card APY Bonuses,,
doc_savings_accounts_platinum_plus_account_001.json,Platinum Plus Account specifications and requirements,,
doc_savings_accounts_platinum_plus_account_002.json,Platinum Plus: Differences from Platinum Account,,
doc_savings_accounts_platinum_plus_account_003.json,Platinum Plus: Wealth management services,fee,
doc_savings_accounts_platinum_plus_account_004.json,Platinum Plus: Exclusive perks and features,,
doc_savings_accounts_platinum_plus_account_005.json,FAQ: Platinum Plus Account,fee,
doc_savings_accounts_platinum_plus_account_006.json,Platinum Plus Account: How is interest calculated and when is it paid?,,
doc_savings_accounts_platinum_plus_account_007.json,Platinum Plus Account: Mobile banking and deposit limits,,
doc_savings_accounts_platinum_plus_account_008.json,Platinum Plus Account: Same-day external transfers,business days;fee,
doc_savings_accounts_platinum_plus_account_009.json,Platinum Plus Account: Credit Card APY Bonuses,,
doc_savings_accounts_silver_account_001.json,Silver Account specifications and requirements,fee,
doc_savings_accounts_silver_account_002.json,Linking Silver Account with a Rho checking account,,
doc_savings_accounts_silver_account_003.json,Interest-rate tiers explained,,
doc_savings_accounts_silver_account_004.json,Why don't I qualify for Silver Account benefits?,fee,
doc_savings_accounts_silver_account_005.json,FAQ: Silver Account,fee,
doc_savings_accounts_silver_account_006.json,Silver Account: How is interest calculated and when is it paid?,,
doc_savings_accounts_silver_account_007.json,Silver Account: Mobile banking and deposit limits,,
doc_savings_accounts_silver_account_008.json,Silver Account: Transferring funds to external banks,business days;fee,
doc_savings_accounts_silver_account_009.json,Silver Account: Platinum Rewards Card holder benefits,fee,
doc_savings_accounts_silver_plus_account_001.json,Silver Plus Account specifications and requirements,fee,
doc_savings_accounts_silver_plus_account_002.json,Silver Plus: Differences from Silver Account,fee,
doc_savings_accounts_silver_plus_account_003.json,Silver Plus: ATM fee rebate program,fee,
doc_savings_accounts_silver_plus_account_004.json,Silver Plus: Exclusive perks and features,,
doc_savings_accounts_silver_plus_account_005.json,FAQ: Silver Plus Account,fee,
doc_savings_accounts_silver_plus_account_006.json,Silver Plus Account: How is interest calculated and when is it paid?,,
doc_savings_accounts_silver_plus_account_007.json,Silver Plus Account: Mobile banking and deposit limits,,
doc_savings_accounts_silver_plus_account_008.json,Silver Plus Account: Transferring funds to external banks,business days;fee,
doc_savings_accounts_silver_plus_account_009.json,Silver Plus Account: Credit Card APY Bonuses,,
