task,reward_basis,actions,regime_triage,tools,differs_from_stale,human_screen
task_001,DB,1,fees,apply_for_credit_card,False,
task_002,DB,1,fees,apply_for_credit_card,False,
task_003,DB,1,fees,apply_for_credit_card,False,
task_004,ACTION,1,escalation,transfer_to_human_agents,False,
task_005,DB,3,escalation,change_user_email;log_verification;transfer_to_human_agents,False,
task_006,DB,1,fees,apply_for_credit_card,False,
task_007,DB,1,fees,apply_for_credit_card,False,
task_008,ACTION,1,fees;escalation,transfer_to_human_agents,False,
task_010,DB,2,,log_verification;submit_referral,False,
task_012,ACTION,1,escalation,transfer_to_human_agents,False,
task_014,ACTION,1,fees;escalation,transfer_to_human_agents,False,
task_015,DB,2,fees,call_discoverable_user_tool;give_discoverable_user_tool,False,
task_016,DB,2,,log_verification;submit_transaction,False,
task_017,DB,4,,call_discoverable_user_tool;give_discoverable_user_tool;log_verification,False,
task_018,DB,8,fees,call_discoverable_user_tool;give_discoverable_user_tool;log_verification,False,
task_019,DB,6,,call_discoverable_user_tool;give_discoverable_user_tool;log_verification,False,
task_020,DB,6,,call_discoverable_user_tool;give_discoverable_user_tool;log_verification,False,
task_021,DB,4,,call_discoverable_user_tool;give_discoverable_user_tool;log_verification,False,
task_022,DB,12,fees,call_discoverable_user_tool;give_discoverable_user_tool;log_verification,False,
task_023,DB,2,fees,apply_for_credit_card;log_verification,False,
task_024,DB,1,,apply_for_credit_card,False,
task_025,DB,1,,apply_for_credit_card,False,
task_026,DB,11,,call_discoverable_user_tool;give_discoverable_user_tool;log_verification;update_transaction_rewards_3847,False,
task_027,DB,6,,call_discoverable_user_tool;give_discoverable_user_tool;log_verification,True,
task_028,DB,15,fees,call_discoverable_user_tool;give_discoverable_user_tool;log_verification;update_transaction_rewards_3847,False,
task_029,DB,8,fees,call_discoverable_user_tool;give_discoverable_user_tool;log_verification,False,
task_031,DB,5,Reg Z;fees,call_discoverable_user_tool;file_credit_card_transaction_dispute_4829;give_discoverable_user_tool;log_verification,False,
task_032,ACTION,5,fees;escalation,initial_transfer_to_human_agent_0218;transfer_to_human_agents,False,
task_033,ACTION,5,fees;escalation,initial_transfer_to_human_agent_0218;initial_transfer_to_human_agent_1822;transfer_to_human_agents,False,
task_034,ACTION,9,escalation,request_human_agent_transfer;transfer_to_human_agents,False,
task_035,ACTION,3,escalation,emergency_credit_bureau_incident_transfer_1114;transfer_to_human_agents,False,
task_036,DB,3,Reg Z;fees,log_verification;order_replacement_credit_card_7291,False,
task_037,DB,8,Reg Z;fees,call_discoverable_user_tool;file_credit_card_transaction_dispute_4829;give_discoverable_user_tool;log_verification;order_replacement_credit_card_7291,False,
task_038,DB,9,Reg Z;fees,call_discoverable_user_tool;file_credit_card_transaction_dispute_4829;give_discoverable_user_tool;log_verification;order_replacement_credit_card_7291,False,
task_039,DB,16,Reg Z,call_discoverable_user_tool;file_credit_card_transaction_dispute_4829;get_user_dispute_history_7291;give_discoverable_user_tool;log_verification;order_replacement_credit_card_7291,False,
task_040,DB,15,Reg Z,call_discoverable_user_tool;file_credit_card_transaction_dispute_4829;get_user_dispute_history_7291;give_discoverable_user_tool;log_verification,False,
task_041,DB,25,Reg Z;closure,call_discoverable_user_tool;file_credit_card_transaction_dispute_4829;get_user_dispute_history_7291;give_discoverable_user_tool;log_verification,False,
task_043,DB,15,Reg Z;fees;closure,apply_credit_card_account_flag_6147;get_all_user_accounts_by_user_id_3847;get_closure_reason_history_8293;get_pending_replacement_orders_5765;get_user_dispute_history_7291;log_credit_card_closure_reason_4521;log_verification;pay_credit_card_from_checking_9182,False,
task_044,DB,10,Reg Z;fees;closure,apply_for_credit_card;get_closure_reason_history_8293;get_pending_replacement_orders_5765;get_user_dispute_history_7291;log_credit_card_closure_reason_4521;log_verification,False,
task_045,DB,15,Reg Z;fees;closure,apply_statement_credit_8472;get_all_user_accounts_by_user_id_3847;get_closure_reason_history_8293;get_pending_replacement_orders_5765;get_user_dispute_history_7291;log_credit_card_closure_reason_4521;log_verification;pay_credit_card_from_checking_9182,False,
task_046,DB,3,fees;closure,get_user_dispute_history_7291;log_verification,True,
task_047,DB,15,Reg Z;fees;closure,apply_for_credit_card;apply_statement_credit_8472;get_closure_reason_history_8293;get_pending_replacement_orders_5765;get_user_dispute_history_7291;log_credit_card_closure_reason_4521;log_verification,False,
task_048,DB,24,Reg Z;fees;closure,apply_for_credit_card;apply_statement_credit_8472;close_credit_card_account_7834;get_all_user_accounts_by_user_id_3847;get_closure_reason_history_8293;get_pending_replacement_orders_5765;get_user_dispute_history_7291;log_credit_card_closure_reason_4521;log_verification;pay_credit_card_from_checking_9182,True,
task_049,DB,19,Reg Z;fees;closure;escalation,apply_statement_credit_8472;close_credit_card_account_7834;get_closure_reason_history_8293;get_pending_replacement_orders_5765;get_user_dispute_history_7291;log_credit_card_closure_reason_4521;log_verification;request_human_agent_transfer;transfer_to_human_agents,False,
task_050,DB,13,Reg Z;credit_decision,approve_credit_limit_increase_5847;get_credit_limit_increase_history_4829;get_payment_history_6183;get_pending_replacement_orders_5765;get_user_dispute_history_7291;log_verification;submit_credit_limit_increase_request_7392,False,
task_051,DB,20,Reg Z;credit_decision,approve_credit_limit_increase_5847;deny_credit_limit_increase_5848;get_all_user_accounts_by_user_id_3847;get_credit_limit_increase_history_4829;get_payment_history_6183;get_pending_replacement_orders_5765;get_user_dispute_history_7291;log_verification;pay_credit_card_from_checking_9182;submit_credit_limit_increase_request_7392,False,
task_052,DB,13,Reg Z;credit_decision;fees,deny_credit_limit_increase_5848;get_credit_limit_increase_history_4829;get_payment_history_6183;get_pending_replacement_orders_5765;get_user_dispute_history_7291;log_verification;submit_credit_limit_increase_request_7392,False,
task_053,DB,16,Reg Z;credit_decision,approve_credit_limit_increase_5847;file_credit_card_transaction_dispute_4829;get_credit_limit_increase_history_4829;get_payment_history_6183;get_pending_replacement_orders_5765;get_user_dispute_history_7291;give_discoverable_user_tool;log_verification;submit_credit_limit_increase_request_7392,True,
task_054,DB,17,Reg Z;credit_decision,approve_credit_limit_increase_5847;file_credit_card_transaction_dispute_4829;get_credit_limit_increase_history_4829;get_payment_history_6183;get_pending_replacement_orders_5765;get_user_dispute_history_7291;log_verification;order_replacement_credit_card_7291;submit_credit_limit_increase_request_7392,False,
task_055,DB,8,fees,call_discoverable_user_tool;get_all_user_accounts_by_user_id_3847;give_discoverable_user_tool;log_verification;open_bank_account_4821,False,
task_056,DB,8,fees,get_all_user_accounts_by_user_id_3847;log_verification;open_bank_account_4821;transfer_funds_between_bank_accounts_7291,True,
task_057,DB,7,fees,call_discoverable_user_tool;get_all_user_accounts_by_user_id_3847;give_discoverable_user_tool;log_verification;open_bank_account_4821,False,
task_058,DB,4,fees;closure,apply_for_credit_card;log_verification;open_bank_account_4821,False,
task_059,DB,6,fees,apply_for_credit_card;get_all_user_accounts_by_user_id_3847;log_verification;open_bank_account_4821,False,
task_060,DB,7,fees;closure,close_bank_account_7392;get_all_user_accounts_by_user_id_3847;log_verification;open_bank_account_4821,False,
task_061,DB,9,fees;closure,call_discoverable_user_tool;close_bank_account_7392;get_all_user_accounts_by_user_id_3847;give_discoverable_user_tool;log_verification;open_bank_account_4821,True,
task_062,DB,13,fees;closure,close_bank_account_7392;get_all_user_accounts_by_user_id_3847;log_verification;open_bank_account_4821;transfer_funds_between_bank_accounts_7291,True,
task_063,DB,4,fees,apply_for_credit_card;log_verification;open_bank_account_4821,False,
task_064,DB,4,fees,apply_for_credit_card;log_verification;open_bank_account_4821,False,
task_065,DB,6,fees;closure,close_bank_account_7392;log_verification;open_bank_account_4821,False,
task_066,DB,9,fees;closure,apply_for_credit_card;close_bank_account_7392;get_all_user_accounts_by_user_id_3847;log_verification;open_bank_account_4821,False,
task_067,DB,9,fees;closure,apply_for_credit_card;close_bank_account_7392;get_all_user_accounts_by_user_id_3847;log_verification;open_bank_account_4821,False,
task_068,DB,7,fees;closure,apply_for_credit_card;close_bank_account_7392;log_verification;open_bank_account_4821,False,
task_069,DB,7,fees;closure,apply_for_credit_card;close_bank_account_7392;log_verification;open_bank_account_4821,False,
task_070,DB,5,fees,get_all_user_accounts_by_user_id_3847;log_verification;open_bank_account_4821,False,
task_071,DB,6,fees,get_all_user_accounts_by_user_id_3847;log_verification;open_bank_account_4821,False,
task_072,DB,9,fees,apply_checking_account_credit_5829;get_all_user_accounts_by_user_id_3847;get_bank_account_transactions_9173;log_verification,False,
task_073,DB,11,fees,apply_checking_account_credit_5829;get_all_user_accounts_by_user_id_3847;get_bank_account_transactions_9173;log_verification,False,
task_074,DB,13,fees,apply_checking_account_credit_5829;get_all_user_accounts_by_user_id_3847;get_bank_account_transactions_9173;log_verification,False,
task_075,DB,3,fees,log_verification;open_bank_account_4821,False,
task_076,DB,3,fees,log_verification;open_bank_account_4821,False,
task_077,DB,25,fees;closure,activate_debit_card_8292;close_debit_card_4721;freeze_debit_card_3892;get_all_user_accounts_by_user_id_3847;get_bank_account_transactions_9173;get_credit_card_accounts_by_user;get_debit_cards_by_account_id_7823;log_verification;order_debit_card_5739;order_replacement_credit_card_7291;unfreeze_debit_card_3893,False,
task_078,DB,22,fees;closure,close_debit_card_4721;freeze_debit_card_3892;get_all_user_accounts_by_user_id_3847;get_bank_account_transactions_9173;get_credit_card_accounts_by_user;get_debit_cards_by_account_id_7823;log_verification;order_debit_card_5739;unfreeze_debit_card_3893,False,
task_079,DB,25,fees;closure,close_debit_card_4721;freeze_debit_card_3892;get_all_user_accounts_by_user_id_3847;get_bank_account_transactions_9173;get_credit_card_accounts_by_user;get_debit_cards_by_account_id_7823;log_verification;order_debit_card_5739;unfreeze_debit_card_3893,False,
task_080,DB,34,Reg Z;credit_decision;fees;closure,activate_debit_card_8292;close_debit_card_4721;file_credit_card_transaction_dispute_4829;freeze_debit_card_3892;get_all_user_accounts_by_user_id_3847;get_bank_account_transactions_9173;get_debit_cards_by_account_id_7823;get_user_dispute_history_7291;log_verification;order_debit_card_5739;order_replacement_credit_card_7291;unfreeze_debit_card_3893,False,
task_081,DB,37,Reg Z;credit_decision;fees;closure;escalation,close_debit_card_4721;file_credit_card_transaction_dispute_4829;freeze_debit_card_3892;get_all_user_accounts_by_user_id_3847;get_bank_account_transactions_9173;get_debit_cards_by_account_id_7823;get_user_dispute_history_7291;log_verification;order_debit_card_5739;order_replacement_credit_card_7291;request_human_agent_transfer;transfer_to_human_agents;unfreeze_debit_card_3893,True,
task_082,DB,20,Reg E;fees;closure,close_debit_card_4721;file_debit_card_transaction_dispute_6281;get_all_user_accounts_by_user_id_3847;get_bank_account_transactions_9173;get_debit_cards_by_account_id_7823;get_debit_dispute_status_7483;log_verification;order_debit_card_5739,False,
task_083,ACTION,10,Reg E;fees;closure,file_debit_card_transaction_dispute_6281;get_all_user_accounts_by_user_id_3847;get_bank_account_transactions_9173;get_debit_cards_by_account_id_7823;get_debit_dispute_status_7483;log_verification,True,
task_084,DB,17,Reg E;closure,close_debit_card_4721;file_debit_card_transaction_dispute_6281;get_all_user_accounts_by_user_id_3847;get_bank_account_transactions_9173;get_debit_cards_by_account_id_7823;get_debit_dispute_status_7483;log_verification,True,
task_085,DB,13,Reg E;fees,file_debit_card_transaction_dispute_6281;get_all_user_accounts_by_user_id_3847;get_bank_account_transactions_9173;get_debit_cards_by_account_id_7823;log_verification,True,
task_086,DB,21,Reg E;fees;closure,close_debit_card_4721;file_debit_card_transaction_dispute_6281;get_all_user_accounts_by_user_id_3847;get_bank_account_transactions_9173;get_debit_cards_by_account_id_7823;get_debit_dispute_status_7483;log_verification;order_debit_card_5739,False,
task_087,DB,20,Reg E;fees;closure,clear_debit_card_fraud_alert_4892;close_debit_card_4721;file_debit_card_transaction_dispute_6281;get_all_user_accounts_by_user_id_3847;get_bank_account_transactions_9173;get_debit_cards_by_account_id_7823;log_verification;order_debit_card_5739;unfreeze_debit_card_3893,False,
task_088,DB,17,Reg E;fees;closure;escalation,close_debit_card_4721;file_debit_card_transaction_dispute_6281;get_all_user_accounts_by_user_id_3847;get_bank_account_transactions_9173;get_debit_cards_by_account_id_7823;log_verification;order_debit_card_5739;transfer_to_human_agents,True,
task_089,DB,13,fees,get_all_user_accounts_by_user_id_3847;get_bank_account_transactions_9173;get_debit_cards_by_account_id_7823;log_verification;request_temporary_debit_card_limit_increase_8374,False,
task_090,DB,16,fees;closure,close_debit_card_4721;get_all_user_accounts_by_user_id_3847;get_bank_account_transactions_9173;get_debit_cards_by_account_id_7823;log_verification;order_debit_card_5739;reset_debit_card_pin_6284,False,
task_091,DB,25,Reg E;fees;closure,close_debit_card_4721;file_debit_card_transaction_dispute_6281;get_all_user_accounts_by_user_id_3847;get_bank_account_transactions_9173;get_debit_cards_by_account_id_7823;log_verification;order_debit_card_5739;reset_debit_card_pin_6284,False,
task_092,DB,21,fees;closure;escalation,close_debit_card_4721;get_all_user_accounts_by_user_id_3847;get_bank_account_transactions_9173;get_debit_cards_by_account_id_7823;log_verification;order_debit_card_5739;reset_debit_card_pin_6284;transfer_to_human_agents,False,
task_093,DB,9,fees,apply_savings_account_credit_6831;get_all_user_accounts_by_user_id_3847;get_bank_account_transactions_9173;log_verification;submit_interest_discrepancy_report_7294,False,
task_094,DB,9,credit_decision;fees,apply_savings_account_credit_6831;get_all_user_accounts_by_user_id_3847;get_bank_account_transactions_9173;log_verification;submit_interest_discrepancy_report_7294,False,
task_095,DB,9,credit_decision;fees,apply_savings_account_credit_6831;get_all_user_accounts_by_user_id_3847;get_bank_account_transactions_9173;log_verification;submit_interest_discrepancy_report_7294,False,
task_096,DB,12,credit_decision;fees,apply_savings_account_credit_6831;get_all_user_accounts_by_user_id_3847;get_bank_account_transactions_9173;log_verification;submit_interest_discrepancy_report_7294,False,
task_097,DB,18,credit_decision;fees,apply_savings_account_credit_6831;get_all_user_accounts_by_user_id_3847;get_bank_account_transactions_9173;log_verification;submit_interest_discrepancy_report_7294,False,
task_098,DB,3,fees,get_referrals_by_user;log_verification;submit_referral,False,
task_099,DB,5,closure,get_all_user_accounts_by_user_id_3847;get_referrals_by_user;log_verification;submit_referral,False,
task_100,DB,4,,get_all_user_accounts_by_user_id_3847;log_verification;submit_referral,False,
task_101,DB,4,fees,get_referrals_by_user;log_verification;submit_referral,False,
task_102,"DB,NL_ASSERTION",3,fees,get_referrals_by_user;log_verification;submit_referral,True,
